Scenario,LCP,WIND_SPEED,WIND_DIRECTION,GRIDDED_WINDS_GENERATE,GRIDDED_WINDS_RESOLUTION,FM_1hr,FM_10hr,FM_100hr,FM_herb,FM_woody,CROWN_FIRE_METHOD,Outputs
baseline_25,baseline.tif,9,-1,No,180,9,10,15,62,105,ScottReinhardt,"FLAMELENGTH, CROWNSTATE"
baseline_50,baseline.tif,11,-1,No,180,6,7,11,34,74,ScottReinhardt,"FLAMELENGTH, CROWNSTATE"
baseline_90,baseline.tif,16,-1,No,180,3,4,7,4,62,ScottReinhardt,"FLAMELENGTH, CROWNSTATE"
baseline_97,baseline.tif,19,-1,No,180,2,3,6,3,62,ScottReinhardt,"FLAMELENGTH, CROWNSTATE"
thin_25,thin.tif,9,-1,No,180,9,10,15,62,105,ScottReinhardt,"FLAMELENGTH, CROWNSTATE"
thin_50,thin.tif,11,-1,No,180,6,7,11,34,74,ScottReinhardt,"FLAMELENGTH, CROWNSTATE"
thin_90,thin.tif,16,-1,No,180,3,4,7,4,62,ScottReinhardt,"FLAMELENGTH, CROWNSTATE"
thin_97,thin.tif,19,-1,No,180,2,3,6,3,62,ScottReinhardt,"FLAMELENGTH, CROWNSTATE"
RxFire_25,RxFire.tif,9,-1,No,180,9,10,15,62,105,ScottReinhardt,"FLAMELENGTH, CROWNSTATE"
RxFire_50,RxFire.tif,11,-1,No,180,6,7,11,34,74,ScottReinhardt,"FLAMELENGTH, CROWNSTATE"
RxFire_90,RxFire.tif,16,-1,No,180,3,4,7,4,62,ScottReinhardt,"FLAMELENGTH, CROWNSTATE"
RxFire_97,RxFire.tif,19,-1,No,180,2,3,6,3,62,ScottReinhardt,"FLAMELENGTH, CROWNSTATE"
comp_25,complete.tif,9,-1,No,180,9,10,15,62,105,ScottReinhardt,"FLAMELENGTH, CROWNSTATE"
comp_50,complete.tif,11,-1,No,180,6,7,11,34,74,ScottReinhardt,"FLAMELENGTH, CROWNSTATE"
comp_90,complete.tif,16,-1,No,180,3,4,7,4,62,ScottReinhardt,"FLAMELENGTH, CROWNSTATE"
comp_97,complete.tif,19,-1,No,180,2,3,6,3,62,ScottReinhardt,"FLAMELENGTH, CROWNSTATE"
