Layer,HVRA,Category,RI_HVRA,FeatureClass,Type,Represents,Buffer_m,Include,FIL1,FIL2,FIL3,FIL4,FIL5,FIL6,Notes
1,Low density WUI,WUI,50,WUI_low_density.tif,Raster,Location,0,1,-20,-40,-80,-100,-100,-100,
2,High density WUI,WUI,50,WUI_high_density.tif,Raster,Location,0,1,-40,-80,-100,-100,-100,-100,
3,Power transmission,Infrastructure,50,Electric_Power_Transmission_Lines,Polyline,Location,200,1,0,0,0,-30,-40,-40,
4,Communication,Infrastructure,50,Communication_points,Point,Location,200,1,0,0,0,-30,-100,-100,
5,Water supplies,Water,100,ws_cNVC.tif,Raster,cNVC,0,1,NA,NA,NA,NA,NA,NA,
