VALUE,EVT_Name,LFRDB,EVT_Fuel,EVT_Fuel_N,EVT_LF,EVT_GP,EVT_PHYS,EVT_GP_N,SAF_SRM,EVT_ORDER,EVT_CLASS,EVT_SBCLS,FEASIBLE
7050,Rocky Mountain Lodgepole Pine Forest,7050,2050,Tr Rocky Mountain Lodgepole Pine Forest,Tree,622,Conifer,Lodgepole Pine Forest and Woodland,SAF 218: Lodgepole Pine,Tree-dominated,Closed tree canopy,Evergreen closed tree canopy,0
7054,Southern Rocky Mountain Ponderosa Pine Woodland,7054,2054,Tr Southern Rocky Mountain Ponderosa Pine Woodland,Tree,631,Conifer,"Ponderosa Pine Forest, Woodland and Savanna",SAF 237: Interior Ponderosa Pine,Tree-dominated,Open tree canopy,Evergreen open tree canopy,1
7055,Rocky Mountain Subalpine Dry-Mesic Spruce-Fir Forest and Woodland,7055,2055,Tr Rocky Mountain Subalpine Dry-Mesic Spruce-Fir Forest and Woodland,Tree,639,Conifer,Spruce-Fir Forest and Woodland,SAF 206: Engelmann Spruce-Subalpine Fir,Tree-dominated,Closed tree canopy,Evergreen closed tree canopy,0
7126,Inter-Mountain Basins Montane Sagebrush Steppe,7126,2126,Sh Inter-Mountain Basins Montane Sagebrush Steppe,Shrub,604,Shrubland,Big Sagebrush Shrubland and Steppe,SRM 402: Mountain Big Sagebrush,Shrub-dominated,Herbaceous - shrub-steppe,Perennial graminoid steppe,0
7146,Southern Rocky Mountain Montane-Subalpine Grassland,7146,2146,He Southern Rocky Mountain Montane-Subalpine Grassland,Herb,617,Grassland,Grassland,SRM 410: Alpine Rangeland,Herbaceous / Nonvascular-dominated,Herbaceous - grassland,Perennial graminoid grassland,0
7086,Rocky Mountain Lower Montane-Foothill Shrubland,7086,2086,Sh Rocky Mountain Lower Montane-Foothill Shrubland,Shrub,612,Shrubland,Deciduous Shrubland,SRM 421: Chokecherry-Serviceberry-Rose,Shrub-dominated,Shrubland,Mixed evergreen-deciduous shrubland,0
7147,Western Great Plains Foothill and Piedmont Grassland,7147,2147,He Western Great Plains Foothill and Piedmont Grassland,Herb,617,Grassland,Grassland,SRM 604: Bluestem-Grama Prairie,Herbaceous / Nonvascular-dominated,Herbaceous - grassland,Perennial graminoid grassland,0
7149,Western Great Plains Shortgrass Prairie,7149,2149,He Western Great Plains Shortgrass Prairie,Herb,648,Grassland,Shortgrass Prairie,SRM 611: Blue Grama-Buffalograss,Herbaceous / Nonvascular-dominated,Herbaceous - grassland,Perennial graminoid grassland,0
7132,Central Mixedgrass Prairie Grassland,7132,2132,Sh Central Mixedgrass Prairie,Herb,646,Grassland,Mixedgrass Prairie,SRM 704: Blue Grama-Western Wheatgrass,Herbaceous / Nonvascular-dominated,Herbaceous - grassland,Perennial graminoid grassland,0
7967,Western Cool Temperate Pasture and Hayland,7967,2967,Dab Pasture and Hayland,Herb,67,Agricultural,Agricultural-Pasture and Hayland,LF 80: Agriculture,Herbaceous / Nonvascular-dominated,Herbaceous - grassland,Annual Graminoid/Forb,0
7735,North American Glacier and Ice Field,7735,12,Ba Snow-Ice,Snow-Ice,12,Snow-Ice,Snow-Ice,LF 12: Snow-Ice,Non-vegetated,Non-vegetated,Non-vegetated,0
7051,Southern Rocky Mountain Dry-Mesic Montane Mixed Conifer Forest and Woodland,7051,2051,Tr Southern Rocky Mountain Dry-Mesic Montane Mixed Conifer Forest and Woodland,Tree,625,Conifer,Douglas-fir-Ponderosa Pine-Lodgepole Pine Forest and Woodland,SAF 210: Interior Douglas-Fir,Tree-dominated,Closed tree canopy,Evergreen closed tree canopy,1
7011,Rocky Mountain Aspen Forest and Woodland,7011,2011,Tr Rocky Mountain Aspen Forest and Woodland,Tree,602,Hardwood,"Aspen Forest, Woodland, and Parkland",SAF 217: Aspen,Tree-dominated,Open tree canopy,Deciduous open tree canopy,1
9016,Rocky Mountain Alpine Bedrock and Scree,9016,2006,Sps Rocky Mountain Alpine/Montane Sparsely Vegetated Systems,Sparse,700,Sparsely Vegetated,Sparse Vegetation,LF 33: Sparsely Vegetated,No Dominant Lifeform,Sparsely vegetated,Sparsely vegetated,0
7292,Open Water,7292,11,Ba Open Water,Water,11,Open Water,Open Water,LF 11: Water,Non-vegetated,Non-vegetated,Non-vegetated,0
7135,Inter-Mountain Basins Semi-Desert Grassland,7135,2135,He Inter-Mountain Basins Semi-Desert Grassland,Herb,617,Grassland,Grassland,SRM 502: Grama-Galetta,Herbaceous / Nonvascular-dominated,Herbaceous - grassland,Perennial graminoid grassland,0
7072,Wyoming Basins Dwarf Sagebrush Shrubland and Steppe,7072,2072,Sh Wyoming Basins Dwarf Sagebrush Shrubland and Steppe,Shrub,623,Shrubland,Low Sagebrush Shrubland and Steppe,SRM 405: Black Sagebrush,Shrub-dominated,Dwarf-shrubland,Evergreen dwarf-shrubland,0
7299,Developed-Roads,7299,2905,Bau Developed-Roads,Developed,25,Developed-Roads,Developed-Roads,LF 20: Developed,No Dominant Lifeform,No Dominant Lifeform,Developed,0
9011,North American Arid West Emergent Marsh,9011,2225,He North American Arid West Emergent Marsh,Herb,765,Riparian,Freshwater Marsh,LF 56: Western Herbaceous Wetland,Herbaceous / Nonvascular-dominated,Herbaceous - grassland,Perennial graminoid grassland,0
9828,Interior Western North American Temperate Ruderal Grassland,9328,2279,Sh Interior Western North American Temperate Ruderal Grassland & Shrubland,Herb,703,Exotic Herbaceous,Introduced Perennial Grassland and Forbland,LF 54: Introduced Upland Vegetation - Herbaceous,Herbaceous / Nonvascular-dominated,Herbaceous - grassland,Perennial graminoid grassland,0
7964,Western Cool Temperate Row Crop,7964,2964,Da Row Crop,Agriculture,64,Agricultural,Agricultural-Row Crop,LF 80: Agriculture,Herbaceous / Nonvascular-dominated,Herbaceous - grassland,Annual Graminoid/Forb,0
7965,Western Cool Temperate Close Grown Crop,7965,2965,Da Close Grown Crop,Agriculture,65,Agricultural,Agricultural-Close Grown Crop,LF 80: Agriculture,Herbaceous / Nonvascular-dominated,Herbaceous - grassland,Annual Graminoid/Forb,0
9017,Rocky Mountain Alpine-Montane Wet Meadow,9017,2176,He Rocky Mountain Alpine-Montane Wet Meadow,Herb,669,Riparian,Western Herbaceous Wetland,SRM 422: Riparian,Herbaceous / Nonvascular-dominated,Herbaceous - grassland,Perennial graminoid grassland,0
7924,Western Cool Temperate Developed Ruderal Grassland,7924,2927,Dgr Developed Ruderal Grassland,Herb,16,Developed,Developed-Upland Herbaceous,LF 20: Developed,Herbaceous / Nonvascular-dominated,Herbaceous - grassland,Herbaceous - grassland,0
7196,Recently Burned-Shrub Cover,7196,2190,Sh Recently Burned-Shrub Cover,Shrub,720,Shrubland,Transitional Shrub Vegetation,LF 67: Recently Burned - Shrub,Shrub-dominated,Shrubland,Mixed evergreen-deciduous shrubland,0
7296,Developed-Low Intensity,7296,2902,Bau Developed-Low Intensity,Developed,22,Developed-Low Intensity,Developed-Low Intensity,LF 20: Developed,No Dominant Lifeform,No Dominant Lifeform,Developed,0
7197,Recently Burned-Tree Cover,7197,2197,Tr Recently Burned-Tree Cover,Tree,730,Conifer,Transitional Forest Vegetation,LF 68: Recently Burned - Tree,Tree-dominated,Open tree canopy,Evergreen open tree canopy,0
7144,Rocky Mountain Alpine Turf,7144,2144,He Rocky Mountain Alpine Turf,Herb,616,Grassland,Dry Tundra,SRM 410: Alpine Rangeland,Herbaceous / Nonvascular-dominated,Herbaceous - grassland,Perennial graminoid grassland,0
9019,Rocky Mountain Lower Montane-Foothill Riparian Woodland,9019,2159,Tr Rocky Mountain Montane Riparian Systems,Tree,635,Riparian,Western Riparian Woodland and Shrubland,SAF 235: Cottonwood-Willow,Tree-dominated,Open tree canopy,Mixed evergreen-deciduous open tree canopy,1
7966,Western Cool Temperate Fallow/Idle Cropland,7966,2966,Dab Fallow/Idle Cropland,Herb,66,Agricultural,Agricultural-Fallow/Idle Cropland,LF 80: Agriculture,Herbaceous / Nonvascular-dominated,Herbaceous - grassland,Annual Graminoid/Forb,0
7145,Rocky Mountain Subalpine-Montane Mesic Meadow,7145,2145,He Rocky Mountain Subalpine-Montane Mesic Meadow,Herb,601,Grassland,"Alpine Dwarf-Shrubland, Fell-field and Meadow",SRM 409: Tall Forb,Herbaceous / Nonvascular-dominated,Herbaceous - grassland,Perennial graminoid grassland,0
9816,Northern & Central Plains Ruderal & Planted Grassland,9316,2567,Sh Northern & Central Plains Ruderal & Planted Grassland & Shrubland,Herb,703,Exotic Herbaceous,Introduced Perennial Grassland and Forbland,LF 54: Introduced Upland Vegetation - Herbaceous,Herbaceous / Nonvascular-dominated,Herbaceous - grassland,Perennial graminoid grassland,0
9022,Rocky Mountain Subalpine-Montane Riparian Woodland,9022,2160,Tr Rocky Mountain Subalpine/Upper Montane Riparian Systems,Tree,635,Riparian,Western Riparian Woodland and Shrubland,SRM 422: Riparian,Shrub-dominated,Shrubland,Mixed evergreen-deciduous shrubland,0
7921,Western Cool Temperate Developed Ruderal Evergreen Forest,7921,2924,Dtc Developed Ruderal Evergreen Forest,Tree,14,Developed,Developed-Upland Evergreen Forest,LF 20: Developed,Tree-dominated,Open tree canopy,Evergreen open tree canopy,0
9018,Rocky Mountain Cliff Canyon and Massive Bedrock,9018,2006,Sps Rocky Mountain Alpine/Montane Sparsely Vegetated Systems,Sparse,700,Sparsely Vegetated,Sparse Vegetation,LF 33: Sparsely Vegetated,No Dominant Lifeform,Sparsely vegetated,Sparsely vegetated,0
9519,Rocky Mountain Lower Montane-Foothill Riparian Shrubland,9019,2159,Tr Rocky Mountain Montane Riparian Systems,Shrub,635,Riparian,Western Riparian Woodland and Shrubland,SAF 235: Cottonwood-Willow,Tree-dominated,Open tree canopy,Mixed evergreen-deciduous shrubland,0
7297,Developed-Medium Intensity,7297,2903,Bau Developed-Medium Intensity,Developed,23,Developed-Medium Intensity,Developed-Medium Intensity,LF 20: Developed,No Dominant Lifeform,No Dominant Lifeform,Developed,0
7117,Southern Rocky Mountain Ponderosa Pine Savanna,7117,2117,Tr Southern Rocky Mountain Ponderosa Pine Savanna,Tree,631,Conifer,"Ponderosa Pine Forest, Woodland and Savanna",SAF 237: Interior Ponderosa Pine,Tree-dominated,Sparse tree canopy,Evergreen sparse tree canopy,1
7052,Southern Rocky Mountain Mesic Montane Mixed Conifer Forest and Woodland,7052,2052,Tr Southern Rocky Mountain Mesic Montane Mixed Conifer Forest and Woodland,Tree,643,Conifer,Douglas-fir-Grand Fir-White Fir Forest and Woodland,SAF 211: White Fir,Tree-dominated,Closed tree canopy,Evergreen closed tree canopy,1
7195,Recently Burned-Herb and Grass Cover,7195,2195,He Recently Burned-Herb and Grass Cover,Herb,710,Grassland,Transitional Herbacous Vegetation,LF 66: Recently Burned - Herbaceous,Herbaceous / Nonvascular-dominated,Herbaceous - grassland,Perennial graminoid,0
7968,Western Cool Temperate Wheat,7968,2968,Da Wheat,Agriculture,68,Agricultural,Agricultural-Wheat,LF 80: Agriculture,Herbaceous / Nonvascular-dominated,Herbaceous - grassland,Annual Graminoid/Forb,0
7057,Rocky Mountain Subalpine-Montane Limber-Bristlecone Pine Woodland,7057,2057,Tr Rocky Mountain Subalpine-Montane Limber-Bristlecone Pine Woodland,Tree,621,Conifer,Limber Pine Woodland,SAF 209: Bristlecone Pine,Tree-dominated,Open tree canopy,Evergreen open tree canopy,0
7923,Western Cool Temperate Developed Ruderal Shrubland,7923,2926,Dsh Developed Ruderal Shrubland,Shrub,17,Developed,Developed-Upland Shrubland,LF 20: Developed,Shrub-dominated,Shrubland,Mixed evergreen-deciduous shrubland,0
9309,Great Basin & Intermountain Introduced Perennial Grassland and Forbland,9309,2274,He Great Basin & Intermountain Introduced Perennial Grassland and Forbland,Herb,703,Exotic Herbaceous,Introduced Perennial Grassland and Forbland,LF 54: Introduced Upland Vegetation - Herbaceous,Herbaceous / Nonvascular-dominated,Herbaceous - grassland,Perennial graminoid grassland,0
7903,Western Cool Temperate Urban Herbaceous,7903,2916,Dgr Urban Herbaceous,Herb,16,Developed,Developed-Upland Herbaceous,LF 20: Developed,Herbaceous / Nonvascular-dominated,Herbaceous - grassland,Herbaceous - grassland,0
7901,Western Cool Temperate Urban Evergreen Forest,7901,2914,Dtc Urban Evergreen Forest,Tree,14,Developed,Developed-Upland Evergreen Forest,LF 20: Developed,Tree-dominated,Open tree canopy,Evergreen open tree canopy,0
7062,Inter-Mountain Basins Curl-leaf Mountain Mahogany Woodland,7062,2062,Tr Inter-Mountain Basins Curl-leaf Mountain Mahogany Woodland and Shrubland,Tree,628,Conifer,Mountain Mahogany Woodland and Shrubland,SRM 415: Curlleaf Mountain-Mahogany,Tree-dominated,Open tree canopy,Mixed evergreen-deciduous open tree canopy,0
7127,Inter-Mountain Basins Semi-Desert Shrub-Steppe,7127,2127,Sh Inter-Mountain Basins Semi-Desert Shrub-Steppe,Shrub,613,Shrubland,Desert Scrub,SRM 403: Wyoming Big Sagebrush,Shrub-dominated,Herbaceous - shrub-steppe,Perennial graminoid steppe,0
9021,Rocky Mountain Subalpine-Montane Riparian Shrubland,9021,2160,Tr Rocky Mountain Subalpine/Upper Montane Riparian Systems,Shrub,635,Riparian,Western Riparian Woodland and Shrubland,SRM 422: Riparian,Shrub-dominated,Shrubland,Mixed evergreen-deciduous shrubland,0
7904,Western Cool Temperate Urban Shrubland,7904,2917,Dsh Urban Shrubland,Shrub,17,Developed,Developed-Upland Shrubland,LF 20: Developed,Shrub-dominated,Shrubland,Mixed evergreen-deciduous shrubland,0
7107,Rocky Mountain Gambel Oak-Mixed Montane Shrubland,7107,2107,Sh Rocky Mountain Gambel Oak-Mixed Montane Shrubland,Shrub,612,Shrubland,Deciduous Shrubland,SRM 413: Gambel oak,Shrub-dominated,Shrubland,Mixed evergreen-deciduous shrubland,1
9028,Western Great Plains Riparian Woodland,9028,2162,Tr Western Great Plains Floodplain Systems,Tree,635,Riparian,Western Riparian Woodland and Shrubland,LF 42: Great Plains Riparian,Tree-dominated,Open tree canopy,Deciduous open tree canopy,0
9316,Northern & Central Plains Ruderal & Planted Shrubland,9316,2567,Sh Northern & Central Plains Ruderal & Planted Grassland & Shrubland,Shrub,706,Exotic Tree-Shrub,Introduced Upland Vegetation-Shrub,LF 52: Introduced Upland Vegetation - Shrub,Shrub-dominated,Shrubland,Deciduous shrubland,0
7900,Western Cool Temperate Urban Deciduous Forest,7900,2913,Dtd Urban Deciduous Forest,Tree,13,Developed,Developed-Upland Deciduous Forest,LF 20: Developed,Tree-dominated,Open tree canopy,Deciduous open tree canopy,0
7049,Rocky Mountain Foothill Limber Pine-Juniper Woodland,7049,2049,Tr Rocky Mountain Foothill Limber Pine-Juniper Woodland,Tree,621,Conifer,Limber Pine Woodland,SAF 219: Limber Pine,Tree-dominated,Open tree canopy,Evergreen open tree canopy,1
9529,Western Great Plains Riparian Herbaceous,9028,2162,Tr Western Great Plains Floodplain Systems,Herb,669,Riparian,Western Herbaceous Wetland,LF 42: Great Plains Riparian,Tree-dominated,Open tree canopy,Perennial graminoid grassland,0
7295,Quarries-Strip Mines-Gravel Pits-Well and Wind Pads,7295,32,Bab Quarries-Strip Mines-Gravel Pits-Well and Wind Pads,Barren,32,Quarries-Strip Mines-Gravel Pits-Well and Wind Pads,Quarries-Strip Mines-Gravel Pits-Well and Wind Pads,LF 20: Developed,Non-vegetated,Non-vegetated,Developed,0
7080,Inter-Mountain Basins Big Sagebrush Shrubland,7080,2080,Sh Inter-Mountain Basins Big Sagebrush Shrubland,Shrub,604,Shrubland,Big Sagebrush Shrubland and Steppe,SRM 403: Wyoming Big Sagebrush,Shrub-dominated,Shrubland,Evergreen shrubland,0
7298,Developed-High Intensity,7298,2904,Bau Developed-High Intensity,Developed,24,Developed-High Intensity,Developed-High Intensity,LF 20: Developed,No Dominant Lifeform,No Dominant Lifeform,Developed,0
9024,Western Great Plains Cliff and Outcrop,9024,2007,Sps Western Great Plains Sparsely Vegetated Systems,Sparse,700,Sparsely Vegetated,Sparse Vegetation,LF 33: Sparsely Vegetated,No Dominant Lifeform,Sparsely vegetated,Sparsely vegetated,0
7070,Rocky Mountain Alpine Dwarf-Shrubland,7070,2070,Sh Rocky Mountain Alpine Dwarf-Shrubland,Shrub,601,Shrubland,"Alpine Dwarf-Shrubland, Fell-field and Meadow",SRM 410: Alpine Rangeland,Shrub-dominated,Dwarf-shrubland,Evergreen dwarf-shrubland,0
7902,Western Cool Temperate Urban Mixed Forest,7902,2915,Dtm Urban Mixed Deciduous-Evergreen Forest,Tree,15,Developed,Developed-Upland Mixed Forest,LF 20: Developed,Tree-dominated,Open tree canopy,Mixed evergreen-deciduous open tree canopy,0
7125,Inter-Mountain Basins Big Sagebrush Steppe,7125,2125,Sh Inter-Mountain Basins Big Sagebrush Steppe,Shrub,604,Shrubland,Big Sagebrush Shrubland and Steppe,SRM 314: Big Sagebrush-Bluebunch Wheatgrass,Shrub-dominated,Herbaceous - shrub-steppe,Perennial graminoid steppe,0
7141,Northwestern Great Plains Mixedgrass Prairie,7141,2141,He Northwestern Great Plains Mixedgrass Prairie,Herb,646,Grassland,Mixedgrass Prairie,SRM 606: Wheatgrass-Bluestem-Needlegrass,Herbaceous / Nonvascular-dominated,Herbaceous - grassland,Perennial graminoid grassland,0
7081,Inter-Mountain Basins Mixed Salt Desert Scrub,7081,2081,Sh Inter-Mountain Basins Mixed Salt Desert Scrub,Shrub,636,Shrubland,Salt Desert Scrub,SRM 414: Salt Desert Shrub,Shrub-dominated,Shrubland,Evergreen shrubland,0
9829,Western North American Ruderal Wet Meadow & Marsh,9329,2280,Sh Western North American Ruderal Wet Shrubland Meadow & Marsh,Herb,709,Riparian,Introduced Herbaceous Wetland Vegetation,LF 59: Introduced Herbaceous Wetland and Riparian Vegetation,Herbaceous / Nonvascular-dominated,Herbaceous - grassland,Perennial graminoid grassland,0
7066,Inter-Mountain Basins Mat Saltbush Shrubland,7066,2066,Sh Inter-Mountain Basins Mat Saltbush Shrubland,Shrub,636,Shrubland,Salt Desert Scrub,SRM 501: Saltbush-Greasewood,Shrub-dominated,Dwarf-shrubland,Evergreen dwarf-shrubland,0
9328,Interior Western North American Temperate Ruderal Shrubland,9328,2279,Sh Interior Western North American Temperate Ruderal Grassland & Shrubland,Shrub,706,Exotic Tree-Shrub,Introduced Upland Vegetation-Shrub,LF 52: Introduced Upland Vegetation - Shrub,Shrub-dominated,Shrubland,Mixed evergreen-deciduous shrubland,0
7207,Central Mixedgrass Prairie Shrubland,7132,2132,Sh Central Mixedgrass Prairie,Shrub,646,Grassland,Mixedgrass Prairie,SRM 704: Blue Grama-Western Wheatgrass,Herbaceous / Nonvascular-dominated,Herbaceous - grassland,Perennial graminoid grassland,0
7056,Rocky Mountain Subalpine Mesic-Wet Spruce-Fir Forest and Woodland,7056,2056,Tr Rocky Mountain Subalpine Mesic-Wet Spruce-Fir Forest and Woodland,Tree,639,Conifer,Spruce-Fir Forest and Woodland,SAF 206: Engelmann Spruce-Subalpine Fir,Tree-dominated,Closed tree canopy,Evergreen closed tree canopy,0
7940,Western Cool Temperate Developed Ruderal Deciduous Forested Wetland,7940,2943,Dtd Developed Ruderal Deciduous Forested Wetland,Tree,26,Developed,Developed-Wetland Mixed Forest,LF 20: Developed,Tree-dominated,Open tree canopy,Deciduous open tree canopy,0
7944,Western Cool Temperate Developed Ruderal Herbaceous Wetland,7944,2947,Dgr Developed Ruderal Herbaceous Wetland,Herb,28,Developed,Developed-Wetland Herbaceous,LF 20: Developed,Herbaceous / Nonvascular-dominated,Herbaceous - grassland,Herbaceous - grassland,0
9307,Great Basin & Intermountain Introduced Annual and Biennial Forbland,9307,2272,He Great Basin & Intermountain Introduced Annual and Biennial Forbland,Herb,704,Exotic Herbaceous,Introduced Annual and Biennial Forbland,LF 54: Introduced Upland Vegetation - Herbaceous,Herbaceous / Nonvascular-dominated,Herbaceous - grassland,Annual Graminoid/Forb,0
7942,Western Cool Temperate Developed Ruderal Mixed Forested Wetland,7942,2945,Dtm Developed Ruderal Deciduous-Evergreen Forested Wetland,Tree,26,Developed,Developed-Wetland Mixed Forest,LF 20: Developed,Tree-dominated,Open tree canopy,Mixed evergreen-deciduous open tree canopy,0
7920,Western Cool Temperate Developed Ruderal Deciduous Forest,7920,2923,Dtd Developed Ruderal Deciduous Forest,Tree,13,Developed,Developed-Upland Deciduous Forest,LF 20: Developed,Tree-dominated,Open tree canopy,Deciduous open tree canopy,0
7094,Western Great Plains Sandhill Steppe,7094,2094,Sh Western Great Plains Sandhill Steppe,Shrub,637,Shrubland,Sand Shrubland,SRM 605: Sandsage Prairie,Shrub-dominated,Shrubland,Mixed evergreen-deciduous shrubland,0
9308,Great Basin & Intermountain Introduced Annual Grassland,9308,2273,He Great Basin & Intermountain Introduced Annual Grassland,Herb,702,Exotic Herbaceous,Introduced Annual Grassland,LF 54: Introduced Upland Vegetation - Herbaceous,Herbaceous / Nonvascular-dominated,Herbaceous - grassland,Annual Graminoid/Forb,0
7193,Recently Logged-Tree Cover,7193,2193,Tr Recently Logged-Tree Cover,Tree,730,Conifer,Transitional Forest Vegetation,LF 64: Recently Logged - Tree,Tree-dominated,Open tree canopy,Evergreen open tree canopy,1
9009,Inter-Mountain Basins Shale Badland,9009,2001,Sps Inter-Mountain Basins Sparsely Vegetated Systems,Sparse,700,Sparsely Vegetated,Sparse Vegetation,LF 33: Sparsely Vegetated,No Dominant Lifeform,Sparsely vegetated,Sparsely vegetated,0
9006,Inter-Mountain Basins Cliff and Canyon,9006,2001,Sps Inter-Mountain Basins Sparsely Vegetated Systems,Sparse,700,Sparsely Vegetated,Sparse Vegetation,LF 33: Sparsely Vegetated,No Dominant Lifeform,Sparsely vegetated,Sparsely vegetated,0
7943,Western Cool Temperate Developed Ruderal Shrub Wetland,7943,2946,Dsh Developed Ruderal Shrub Wetland,Shrub,27,Developed,Developed-Wetland Shrubland,LF 20: Developed,Shrub-dominated,Shrubland,Mixed evergreen-deciduous shrubland,0
9528,Western Great Plains Riparian Shrubland,9028,2162,Tr Western Great Plains Floodplain Systems,Shrub,635,Riparian,Western Riparian Woodland and Shrubland,LF 42: Great Plains Riparian,Tree-dominated,Open tree canopy,Mixed evergreen-deciduous shrubland,0
7061,Inter-Mountain Basins Aspen-Mixed Conifer Forest and Woodland,7061,2061,Tr Inter-Mountain Basins Aspen-Mixed Conifer Forest and Woodland,Tree,603,Conifer-Hardwood,Aspen-Mixed Conifer Forest and Woodland,SAF 217: Aspen,Tree-dominated,Open tree canopy,Mixed evergreen-deciduous open tree canopy,1
9336,Great Basin & Intermountain Ruderal Shrubland,9336,2282,Sh Great Basin & Intermountain Ruderal Shrubland,Shrub,706,Exotic Tree-Shrub,Introduced Upland Vegetation-Shrub,LF 52: Introduced Upland Vegetation - Shrub,Shrub-dominated,Shrubland,Mixed evergreen-deciduous shrubland,0
7191,Recently Logged-Herb and Grass Cover,7191,2191,He Recently Logged-Herb and Grass Cover,Herb,710,Grassland,Transitional Herbacous Vegetation,LF 62: Recently Logged - Herbaceous,Herbaceous / Nonvascular-dominated,Herbaceous - grassland,Perennial graminoid grassland,0
7153,Inter-Mountain Basins Greasewood Flat,7153,2153,Sh Inter-Mountain Basins Greasewood Flat,Shrub,619,Shrubland,Greasewood Shrubland,SRM 501: Saltbush-Greasewood,Shrub-dominated,Shrubland,Evergreen shrubland,0
7192,Recently Logged-Shrub Cover,7192,2192,Sh Recently Logged-Shrub Cover,Shrub,720,Shrubland,Transitional Shrub Vegetation,LF 63: Recently Logged - Shrub,Shrub-dominated,Shrubland,Mixed evergreen-deciduous shrubland,0
7143,Rocky Mountain Alpine Fell-Field,7143,2143,He Rocky Mountain Alpine Fell-Field,Herb,601,Grassland,"Alpine Dwarf-Shrubland, Fell-field and Meadow",SRM 410: Alpine Rangeland,Herbaceous / Nonvascular-dominated,Herbaceous - grassland,Perennial graminoid grassland,0
9025,Western Great Plains Closed Depression Wetland,9025,2495,He Western Great Plains Depressional Wetland Systems,Herb,650,Riparian,Depressional Wetland,SRM 601: Bluestem Prairie,Herbaceous / Nonvascular-dominated,Herbaceous - grassland,Perennial graminoid grassland,0
9329,Western North American Ruderal Wet Shrubland,9329,2280,Sh Western North American Ruderal Wet Shrubland Meadow & Marsh,Shrub,708,Riparian,Introduced Woody Wetland Vegetation,LF 58: Introduced Woody Wetlands and Riparian Vegetation,Herbaceous / Nonvascular-dominated,Herbaceous - grassland,Perennial graminoid grassland,0
7016,Colorado Plateau Pinyon-Juniper Woodland,7016,2016,Tr Colorado Plateau Pinyon-Juniper Woodland,Tree,630,Conifer,Pinyon-Juniper Woodland,SRM 504: Juniper-Pinyon Pine Woodland,Tree-dominated,Open tree canopy,Evergreen open tree canopy,1
7148,Western Great Plains Sand Prairie,7148,2148,He Western Great Plains Sand Prairie,Herb,647,Grassland,Sand Prairie,SRM 720: Sand Bluestem -Little Bluestem Dunes,Herbaceous / Nonvascular-dominated,Herbaceous - grassland,Perennial graminoid grassland,0
7150,Western Great Plains Tallgrass Prairie,7150,2150,He Western Great Plains Tallgrass Prairie,Herb,649,Grassland,Tallgrass Prairie,SRM 601: Bluestem Prairie,Herbaceous / Nonvascular-dominated,Herbaceous - grassland,Perennial graminoid grassland,0
7059,Southern Rocky Mountain Pinyon-Juniper Woodland,7059,2059,Tr Southern Rocky Mountain Pinyon-Juniper Woodland,Tree,630,Conifer,Pinyon-Juniper Woodland,SRM 504: Juniper-Pinyon Pine Woodland,Tree-dominated,Open tree canopy,Evergreen open tree canopy,1
9029,Western Great Plains Saline Depression Wetland,9029,2495,He Western Great Plains Depressional Wetland Systems,Herb,650,Riparian,Depressional Wetland,SRM 601: Bluestem Prairie,Herbaceous / Nonvascular-dominated,Herbaceous - grassland,Perennial graminoid grassland,0
9008,Inter-Mountain Basins Playa,9008,2001,Sps Inter-Mountain Basins Sparsely Vegetated Systems,Sparse,700,Sparsely Vegetated,Sparse Vegetation,LF 33: Sparsely Vegetated,No Dominant Lifeform,Sparsely vegetated,Sparsely vegetated,0
7200,Recently Disturbed Other-Tree Cover,7200,2204,Tr Recently Disturbed-Tree Cover,Tree,730,Conifer,Transitional Forest Vegetation,LF 100: Recently Disturbed Other - Tree,Tree-dominated,Open tree canopy,Evergreen open tree canopy,1
9827,Interior West Ruderal Riparian Scrub,9327,2278,Tr Interior West Ruderal Riparian Forest & Scrub,Shrub,701,Exotic Tree-Shrub,Introduced Riparian Vegetation,LF 58: Introduced Woody Wetlands and Riparian Vegetation,Shrub-dominated,Shrubland,Mixed evergreen-deciduous shrubland,0
9004,Inter-Mountain Basins Active and Stabilized Dune,9004,2001,Sps Inter-Mountain Basins Sparsely Vegetated Systems,Sparse,700,Sparsely Vegetated,Sparse Vegetation,LF 33: Sparsely Vegetated,No Dominant Lifeform,Sparsely vegetated,Sparsely vegetated,0
7198,Recently Disturbed Other-Herb and Grass Cover,7198,2198,He Recently Disturbed-Herb and Grass Cover,Herb,710,Grassland,Transitional Herbacous Vegetation,LF 98: Recently Distrubed Other - Herbaceous,Herbaceous / Nonvascular-dominated,Herbaceous - grassland,Perennial graminoid grassland,0
7199,Recently Disturbed Other-Shrub Cover,7199,2199,Sh Recently Disturbed-Shrub Cover,Shrub,720,Shrubland,Transitional Shrub Vegetation,LF 99: Recently Disturbed Other - Shrub,Shrub-dominated,Shrubland,Mixed evergreen-deciduous shrubland,0
9005,Inter-Mountain Basins Alkaline Closed Depression,9005,2224,He Inter-Mountain Basins Alkaline Closed Depression,Herb,650,Riparian,Depressional Wetland,LF 56: Western Herbaceous Wetland,Herbaceous / Nonvascular-dominated,Herbaceous - grassland,Perennial graminoid grassland,0
7922,Western Cool Temperate Developed Ruderal Mixed Forest,7922,2925,Dtm Developed Ruderal Deciduous-Evergreen Forest,Tree,15,Developed,Developed-Upland Mixed Forest,LF 20: Developed,Tree-dominated,Open tree canopy,Mixed evergreen-deciduous open tree canopy,0
9001,Colorado Plateau Mixed Bedrock Canyon and Tableland,9001,2001,Sps Inter-Mountain Basins Sparsely Vegetated Systems,Sparse,700,Sparsely Vegetated,Sparse Vegetation,LF 33: Sparsely Vegetated,No Dominant Lifeform,Sparsely vegetated,Sparsely vegetated,0
9327,Interior West Ruderal Riparian Forest,9327,2278,Tr Interior West Ruderal Riparian Forest & Scrub,Tree,701,Exotic Tree-Shrub,Introduced Riparian Vegetation,LF 58: Introduced Woody Wetlands and Riparian Vegetation,Tree-dominated,Open tree canopy,Mixed evergreen-deciduous open tree canopy,0
7385,Great Plains Wooded Draw and Ravine Woodland,7385,2385,Tr Western Great Plains Wooded Draw and Ravine,Tree,635,Riparian,Western Riparian Woodland and Shrubland,LF 41: Deciduous Shrubland,Tree-dominated,Open tree canopy,Mixed evergreen-deciduous open tree canopy,1
7179,Northwestern Great Plains-Black Hills Ponderosa Pine Woodland and Savanna,7179,2179,Tr Northwestern Great Plains-Black Hills Ponderosa Pine Woodland and Savanna,Tree,631,Conifer,"Ponderosa Pine Forest, Woodland and Savanna",SAF 237: Interior Ponderosa Pine,Tree-dominated,Open tree canopy,Evergreen open tree canopy,1
7960,Western Cool Temperate Orchard,7960,2960,Dab Orchard,Tree,60,Agricultural,Agricultural-Orchard,LF 80: Agriculture,Tree-dominated,Open tree canopy,Deciduous open tree canopy,0
9026,Western Great Plains Floodplain Forest and Woodland,9026,2162,Tr Western Great Plains Floodplain Systems,Tree,635,Riparian,Western Riparian Woodland and Shrubland,LF 42: Great Plains Riparian,Tree-dominated,Open tree canopy,Deciduous open tree canopy,0
9526,Western Great Plains Floodplain Shrubland,9026,2162,Tr Western Great Plains Floodplain Systems,Shrub,635,Riparian,Western Riparian Woodland and Shrubland,LF 42: Great Plains Riparian,Tree-dominated,Open tree canopy,Perennial graminoid grassland,0
9527,Western Great Plains Floodplain Herbaceous,9026,2162,Tr Western Great Plains Floodplain Systems,Herb,635,Riparian,Western Riparian Woodland and Shrubland,LF 42: Great Plains Riparian,Tree-dominated,Open tree canopy,Mixed evergreen-deciduous shrubland,0
